{"cameraMode":{"drawMode":0,"name":"Shaded","section":"Shading Mode"},"sceneLighting":false,"audioPlay":false,"sceneViewState":{"m_AlwaysRefresh":false,"showFog":true,"showSkybox":false,"showFlares":true,"showImageEffects":true,"showParticleSystems":true,"showVisualEffectGraphs":true,"m_FxEnabled":true},"in2DMode":false,"pivot":{"x":4.656612873077393e-10,"y":0.00811712071299553,"z":-1.5366822481155397e-8},"rotation":{"x":3.8476713370982909e-7,"y":0.8323867321014404,"z":2.5915767309925288e-7,"w":0.5541980266571045},"size":0.0470922626554966,"orthographic":false}