{"cameraMode":{"drawMode":0,"name":"Shaded","section":"Shading Mode"},"sceneLighting":true,"audioPlay":false,"sceneViewState":{"m_AlwaysRefresh":false,"showFog":true,"showSkybox":false,"showFlares":true,"showImageEffects":true,"showParticleSystems":true,"showVisualEffectGraphs":true,"m_FxEnabled":true},"in2DMode":false,"pivot":{"x":-0.06300020217895508,"y":0.08557558059692383,"z":-0.17866277694702149},"rotation":{"x":0.20961922407150269,"y":-0.7836292386054993,"z":0.3513563871383667,"w":0.46750324964523318},"size":0.2534789443016052,"orthographic":false}