{"cameraMode":{"drawMode":0,"name":"Shaded","section":"Shading Mode"},"sceneLighting":true,"audioPlay":false,"sceneViewState":{"m_AlwaysRefresh":false,"showFog":true,"showSkybox":true,"showFlares":true,"showImageEffects":true,"showParticleSystems":true,"showVisualEffectGraphs":true,"m_FxEnabled":true},"in2DMode":false,"pivot":{"x":672.162353515625,"y":508.65740966796877,"z":-31.3724365234375},"rotation":{"x":0.029968280345201494,"y":0.04286670312285423,"z":-0.0012865462340414525,"w":0.9986375570297241},"size":418.0340881347656,"orthographic":false}