{"cameraMode":{"drawMode":0,"name":"Shaded","section":"Shading Mode"},"sceneLighting":false,"audioPlay":false,"sceneViewState":{"m_AlwaysRefresh":false,"showFog":true,"showSkybox":false,"showFlares":true,"showImageEffects":true,"showParticleSystems":true,"showVisualEffectGraphs":true,"m_FxEnabled":true},"in2DMode":false,"pivot":{"x":0.41115546226501467,"y":-0.08009135723114014,"z":0.9164476990699768},"rotation":{"x":0.2962414622306824,"y":-0.3660731017589569,"z":0.1241588443517685,"w":0.873407781124115},"size":0.8660253882408142,"orthographic":false}