{"cameraMode":{"drawMode":0,"name":"Shaded","section":"Shading Mode"},"sceneLighting":false,"audioPlay":false,"sceneViewState":{"m_AlwaysRefresh":false,"showFog":true,"showSkybox":false,"showFlares":true,"showImageEffects":true,"showParticleSystems":true,"showVisualEffectGraphs":true,"m_FxEnabled":true},"in2DMode":false,"pivot":{"x":0.4832117259502411,"y":-0.07189399003982544,"z":0.03238648176193237},"rotation":{"x":0.3912169635295868,"y":0.014365081675350666,"z":-0.006111786235123873,"w":0.9201794266700745},"size":1.5331497192382813,"orthographic":false}